{
  "Docking": {
    "Data": []
  },
  "MainWindow": {
    "GLOBAL": {
      "fps": "120",
      "height": "900",
      "maximized": "0",
      "style": "0",
      "userScale": "2",
      "width": "1600",
      "xpos": "-1",
      "ypos": "-1"
    }
  },
  "Window": {
    "###FMS": {
      "Collapsed": "0",
      "Pos": "6,675",
      "Size": "336,164"
    },
    "###Joysticks": {
      "Collapsed": "0",
      "Pos": "312,581",
      "Size": "976,82"
    },
    "###NetworkTables": {
      "Collapsed": "0",
      "Pos": "312,346",
      "Size": "937,231"
    },
    "###Other Devices": {
      "Collapsed": "0",
      "Pos": "1281,25",
      "Size": "312,868"
    },
    "###System Joysticks": {
      "Collapsed": "0",
      "Pos": "6,437",
      "Size": "232,254"
    },
    "###Timing": {
      "Collapsed": "0",
      "Pos": "6,187",
      "Size": "162,142"
    },
    "Debug##Default": {
      "Collapsed": "0",
      "Pos": "60,60",
      "Size": "400,400"
    },
    "Robot State": {
      "Collapsed": "0",
      "Pos": "5,20",
      "Size": "109,114"
    }
  }
}
